[
{
    "model": "shop.category",
    "pk": 13,
    "fields": {
        "name": "Seasonal Arrangements",
        "description": ""
    }
},
{
    "model": "shop.category",
    "pk": 14,
    "fields": {
        "name": "Bouquets",
        "description": ""
    }
},
{
    "model": "shop.category",
    "pk": 15,
    "fields": {
        "name": "Potted Plants",
        "description": ""
    }
},
{
    "model": "shop.category",
    "pk": 16,
    "fields": {
        "name": "Romantic Collection",
        "description": ""
    }
},
{
    "model": "shop.category",
    "pk": 17,
    "fields": {
        "name": "Elegant Florals",
        "description": ""
    }
},
{
    "model": "shop.category",
    "pk": 18,
    "fields": {
        "name": "Gift Sets",
        "description": ""
    }
},
{
    "model": "shop.product",
    "pk": 28,
    "fields": {
        "name": "Autumn Whisper",
        "description": "Warm tones of amber and deep red inspired by fall evenings.",
        "price": "4500.00",
        "stock": 10,
        "category": 13,
        "image_url": "https://www.dundrumblooms.ie/websites/800/Images/product/1868090546large02.jpg?ver=6",
        "created_at": "2026-04-08T20:39:29.527Z"
    }
},
{
    "model": "shop.product",
    "pk": 29,
    "fields": {
        "name": "Spring Bloom Harmony",
        "description": "A fresh mix of pastel flowers capturing renewal.",
        "price": "4000.00",
        "stock": 20,
        "category": 13,
        "image_url": "https://i0.wp.com/flowerworksph.com/wp-content/uploads/2021/07/20inch-10.jpg?fit=1500%2C1500&ssl=1",
        "created_at": "2026-04-08T20:39:29.538Z"
    }
},
{
    "model": "shop.product",
    "pk": 30,
    "fields": {
        "name": "Winter Serenity",
        "description": "Calm arrangement of whites and soft greens.",
        "price": "4200.00",
        "stock": 15,
        "category": 13,
        "image_url": "https://cdn.uaeflowers.com/uploads/product/uaeflowers/Snowy_Serenity_Bouquet_94_19731.webp",
        "created_at": "2026-04-08T20:39:29.549Z"
    }
},
{
    "model": "shop.product",
    "pk": 31,
    "fields": {
        "name": "Summer Radiance",
        "description": "Bright and lively florals reflecting summer energy.",
        "price": "4800.00",
        "stock": 25,
        "category": 13,
        "image_url": "https://www.theflowershopofashbourne.co.uk/upload/mt/ashb800/products/Interflora/lg_null-summer-radiance-trending-bouquet.jpg",
        "created_at": "2026-04-08T20:39:29.559Z"
    }
},
{
    "model": "shop.product",
    "pk": 32,
    "fields": {
        "name": "Blush Petal Bouquet",
        "description": "Soft pink blooms for a gentle touch.",
        "price": "3500.00",
        "stock": 30,
        "category": 14,
        "image_url": "https://b2895521.smushcdn.com/2895521/wp-content/uploads/2026/03/blush-petal-delight-bouquet_03.jpg?lossy=1&strip=1&webp=1",
        "created_at": "2026-04-08T20:39:29.567Z"
    }
},
{
    "model": "shop.product",
    "pk": 33,
    "fields": {
        "name": "Pure White Grace",
        "description": "Minimalist bouquet of white flowers.",
        "price": "3800.00",
        "stock": 20,
        "category": 14,
        "image_url": "https://lafleuraison.ca/cdn/shop/files/IMG_6690_large.jpg?v=1749587280",
        "created_at": "2026-04-08T20:39:29.575Z"
    }
},
{
    "model": "shop.product",
    "pk": 34,
    "fields": {
        "name": "Sunset Bloom Mix",
        "description": "Vibrant blend of warm tones.",
        "price": "4200.00",
        "stock": 10,
        "category": 14,
        "image_url": "https://asset.bloomnation.com/c_pad,d_vendor:global:catalog:product:image.png,f_auto,fl_preserve_transparency,q_auto/v1762222607/vendor/9485/catalog/product/2/0/20240829153119_file_66d09447ec8ec",
        "created_at": "2026-04-08T20:39:29.583Z"
    }
},
{
    "model": "shop.product",
    "pk": 35,
    "fields": {
        "name": "Velvet Rose Bundle",
        "description": "Classic red roses in a modern style.",
        "price": "5500.00",
        "stock": 25,
        "category": 14,
        "image_url": "https://www.toyflorist.com/cdn/shop/files/red_rose_50.heic?v=1738287943&width=1946",
        "created_at": "2026-04-08T20:39:29.592Z"
    }
},
{
    "model": "shop.product",
    "pk": 36,
    "fields": {
        "name": "Pastel Dream Bouquet",
        "description": "Delicate mix of soft hues.",
        "price": "3900.00",
        "stock": 15,
        "category": 14,
        "image_url": "https://image.floranext.com/instances/bmflowershop_com/catalog/product/i/m/img_5852_68127e4b2f020.jpg.webp?h=800&w=800&r=255&g=255&b=255",
        "created_at": "2026-04-08T20:39:29.601Z"
    }
},
{
    "model": "shop.product",
    "pk": 37,
    "fields": {
        "name": "Green Haven Plant",
        "description": "Lush indoor plant for calming presence.",
        "price": "2500.00",
        "stock": 30,
        "category": 15,
        "image_url": "https://image.floranext.com/instances/flowersonthecorner_com/catalog/product/i/n/indoor-dish-garden-scaled_6501cdac1a4da.jpg.webp?h=700&w=700&r=255&g=255&b=255",
        "created_at": "2026-04-08T20:39:29.609Z"
    }
},
{
    "model": "shop.product",
    "pk": 38,
    "fields": {
        "name": "Urban Jungle Pot",
        "description": "Bold green plant for modern interiors.",
        "price": "3200.00",
        "stock": 20,
        "category": 15,
        "image_url": "https://mobileimages.lowes.com/productimages/25dd6e5e-b69f-43d9-9274-aaaa160ef0b1/72930725.jpeg",
        "created_at": "2026-04-08T20:39:29.618Z"
    }
},
{
    "model": "shop.product",
    "pk": 39,
    "fields": {
        "name": "Mini Zen Garden",
        "description": "Compact plant arrangement for balance.",
        "price": "2800.00",
        "stock": 15,
        "category": 15,
        "image_url": "https://www.ugaoo.com/cdn/shop/articles/zen.jpg?v=1710937456",
        "created_at": "2026-04-08T20:39:29.627Z"
    }
},
{
    "model": "shop.product",
    "pk": 40,
    "fields": {
        "name": "Evergreen Touch",
        "description": "Low-maintenance plant stays vibrant.",
        "price": "2000.00",
        "stock": 30,
        "category": 15,
        "image_url": "https://m.media-amazon.com/images/I/71T0FsPigxL._AC_UF894,1000_QL80_.jpg",
        "created_at": "2026-04-08T20:39:29.635Z"
    }
},
{
    "model": "shop.product",
    "pk": 41,
    "fields": {
        "name": "Ceramic Bloom Pot",
        "description": "Flowering plant in a clean ceramic pot.",
        "price": "3500.00",
        "stock": 10,
        "category": 15,
        "image_url": "https://txceramics.com/wp-content/uploads/2023/10/Colorful-Gardening-containers-7.webp",
        "created_at": "2026-04-08T20:39:29.643Z"
    }
},
{
    "model": "shop.product",
    "pk": 42,
    "fields": {
        "name": "Crimson Love Roses",
        "description": "Deep red roses for quiet passion.",
        "price": "6000.00",
        "stock": 20,
        "category": 16,
        "image_url": "https://flyflowers.net/cdn/shop/files/08C7F6EE-228B-4367-A6A3-C87F52D2D3C1.jpg?v=1733195139&width=1920",
        "created_at": "2026-04-08T20:39:29.652Z"
    }
},
{
    "model": "shop.product",
    "pk": 43,
    "fields": {
        "name": "Soft Embrace Bouquet",
        "description": "Tender mix of soft pink and white blooms.",
        "price": "4500.00",
        "stock": 15,
        "category": 16,
        "image_url": "https://cdn.uaeflowers.com/uploads/product/uaeflowers/JUL2025/SoftEmbraceBouquet-1752825634616.webp",
        "created_at": "2026-04-08T20:39:29.660Z"
    }
},
{
    "model": "shop.product",
    "pk": 44,
    "fields": {
        "name": "Moonlight Roses",
        "description": "Pale roses with a delicate glow.",
        "price": "5000.00",
        "stock": 10,
        "category": 16,
        "image_url": "https://www.gracerosefarm.com/cdn/shop/files/moonlightromantica4-4.jpg?v=1764113402&width=2494",
        "created_at": "2026-04-08T20:39:29.668Z"
    }
},
{
    "model": "shop.product",
    "pk": 45,
    "fields": {
        "name": "Endless Affection",
        "description": "Balanced arrangement for lasting feelings.",
        "price": "5500.00",
        "stock": 15,
        "category": 16,
        "image_url": "https://www.ukrainegiftdelivery.com/cdn/shop/files/endless-love-bouquet-flowers-817.jpg?v=1755861597&width=768",
        "created_at": "2026-04-08T20:39:29.677Z"
    }
},
{
    "model": "shop.product",
    "pk": 46,
    "fields": {
        "name": "Ivory Bloom Set",
        "description": "Refined composition of light-toned flowers.",
        "price": "4500.00",
        "stock": 10,
        "category": 17,
        "image_url": "https://www.mikonaflowers.com/cdn/shop/files/IMG_7004.jpg?v=1764191978&width=550",
        "created_at": "2026-04-08T20:39:29.685Z"
    }
},
{
    "model": "shop.product",
    "pk": 47,
    "fields": {
        "name": "Golden Touch Arrangement",
        "description": "Soft florals with warm accents.",
        "price": "5000.00",
        "stock": 15,
        "category": 17,
        "image_url": "https://assets.eflorist.com/site/48185077/assets/products/PZM_/skusku7280005.jpg?1692374753778&impolicy=hero&impolicy=hero",
        "created_at": "2026-04-08T20:39:29.694Z"
    }
},
{
    "model": "shop.product",
    "pk": 48,
    "fields": {
        "name": "Modern Petal Design",
        "description": "Structured contemporary style.",
        "price": "3500.00",
        "stock": 20,
        "category": 17,
        "image_url": "https://asset.bloomnation.com/c_pad,d_vendor:global:catalog:product:image.png,f_auto,fl_preserve_transparency,q_auto/v1762677002/vendor/5540/catalog/product/2/0/2025108182952_file_mhqz81mvr5mbp92",
        "created_at": "2026-04-08T20:39:29.703Z"
    }
},
{
    "model": "shop.product",
    "pk": 49,
    "fields": {
        "name": "Pure Harmony Flowers",
        "description": "Balanced tones and textures.",
        "price": "4000.00",
        "stock": 10,
        "category": 17,
        "image_url": "https://content2.flowwow-images.com/data/flowers/524x524/23/1752846556_79821023.jpg",
        "created_at": "2026-04-08T20:39:29.713Z"
    }
},
{
    "model": "shop.product",
    "pk": 50,
    "fields": {
        "name": "Floral Delight Box",
        "description": "Fresh flowers with thoughtful additions.",
        "price": "5500.00",
        "stock": 10,
        "category": 18,
        "image_url": "https://flowerstonepal.com/cdn/shop/files/romantic-bloom-chocolate-delight-wooden-gift-box-6207938.png?v=1767139507&width=1445",
        "created_at": "2026-04-08T20:39:29.722Z"
    }
},
{
    "model": "shop.product",
    "pk": 51,
    "fields": {
        "name": "Sweet Blossom Set",
        "description": "Floral arrangement with a light gift.",
        "price": "4500.00",
        "stock": 15,
        "category": 18,
        "image_url": "https://idlewildfloral.com/cdn/shop/files/full-bloom-gift-box-gift-giving-send-a-bouquet-the-best-flower-delivery-1173984967.jpg?v=1750268830&width=900",
        "created_at": "2026-04-08T20:39:29.733Z"
    }
},
{
    "model": "shop.product",
    "pk": 52,
    "fields": {
        "name": "Elegant Surprise Package",
        "description": "Personal and memorable gift.",
        "price": "5000.00",
        "stock": 10,
        "category": 18,
        "image_url": "https://www.flowerchimp.com/cdn/shop/files/graceful-gift-box-1088068096_1600x.jpg?v=1768004288",
        "created_at": "2026-04-08T20:39:29.741Z"
    }
},
{
    "model": "shop.product",
    "pk": 53,
    "fields": {
        "name": "Bloom & Treat Combo",
        "description": "Flowers paired with a simple treat.",
        "price": "3500.00",
        "stock": 25,
        "category": 18,
        "image_url": "https://assets.eflorist.com/site/56390200/assets/products/PHR_/sku14590567.jpg?1766768216831",
        "created_at": "2026-04-08T20:39:29.749Z"
    }
},
{
    "model": "shop.product",
    "pk": 54,
    "fields": {
        "name": "Signature Gift Collection",
        "description": "Premium selection and curated details.",
        "price": "6000.00",
        "stock": 10,
        "category": 18,
        "image_url": "https://grovehousechicago.com/cdn/shop/files/20240131054858_IMG_3898.jpg?v=1706897779&width=1946",
        "created_at": "2026-04-08T20:39:29.758Z"
    }
},
{
    "model": "shop.cart",
    "pk": 1,
    "fields": {
        "customer_username": "elhocine",
        "created_at": "2026-04-08T20:25:08.031Z",
        "updated_at": "2026-04-08T20:25:08.031Z"
    }
},
{
    "model": "shop.cart",
    "pk": 2,
    "fields": {
        "customer_username": "admin",
        "created_at": "2026-04-08T20:26:40.428Z",
        "updated_at": "2026-04-08T20:26:40.428Z"
    }
},
{
    "model": "shop.order",
    "pk": 7,
    "fields": {
        "customer_email": "hocinesino12@gmail.com",
        "customer_username": "hocine",
        "status": "delivered",
        "original_total": "16500.00",
        "discount_amount": "0.00",
        "gift_card_amount": "0.00",
        "final_total": "16500.00",
        "coupon": null,
        "gift_card": null,
        "created_at": "2026-04-08T22:43:55.270Z"
    }
},
{
    "model": "shop.order",
    "pk": 8,
    "fields": {
        "customer_email": "hocinesino12@gmail.com",
        "customer_username": "hocine",
        "status": "pending",
        "original_total": "7000.00",
        "discount_amount": "0.00",
        "gift_card_amount": "0.00",
        "final_total": "7000.00",
        "coupon": null,
        "gift_card": null,
        "created_at": "2026-04-08T22:44:10.749Z"
    }
},
{
    "model": "shop.order",
    "pk": 9,
    "fields": {
        "customer_email": "hocinesino12@gmail.com",
        "customer_username": "hocine",
        "status": "pending",
        "original_total": "19200.00",
        "discount_amount": "0.00",
        "gift_card_amount": "0.00",
        "final_total": "19200.00",
        "coupon": null,
        "gift_card": null,
        "created_at": "2026-04-08T22:44:29.303Z"
    }
},
{
    "model": "shop.order",
    "pk": 10,
    "fields": {
        "customer_email": "mariabendouhou12@gmail.com",
        "customer_username": "maria_fleur",
        "status": "delivered",
        "original_total": "17100.00",
        "discount_amount": "0.00",
        "gift_card_amount": "0.00",
        "final_total": "17100.00",
        "coupon": null,
        "gift_card": null,
        "created_at": "2026-04-08T22:44:55.267Z"
    }
},
{
    "model": "shop.order",
    "pk": 11,
    "fields": {
        "customer_email": "mariabendouhou12@gmail.com",
        "customer_username": "maria_fleur",
        "status": "pending",
        "original_total": "4800.00",
        "discount_amount": "0.00",
        "gift_card_amount": "0.00",
        "final_total": "4800.00",
        "coupon": null,
        "gift_card": null,
        "created_at": "2026-04-08T22:45:05.949Z"
    }
},
{
    "model": "shop.order",
    "pk": 12,
    "fields": {
        "customer_email": "mariabendouhou12@gmail.com",
        "customer_username": "maria_fleur",
        "status": "delivered",
        "original_total": "10500.00",
        "discount_amount": "0.00",
        "gift_card_amount": "0.00",
        "final_total": "10500.00",
        "coupon": null,
        "gift_card": null,
        "created_at": "2026-04-08T22:45:23.732Z"
    }
},
{
    "model": "shop.order",
    "pk": 13,
    "fields": {
        "customer_email": "user@gmail.com",
        "customer_username": "user",
        "status": "delivered",
        "original_total": "17700.00",
        "discount_amount": "0.00",
        "gift_card_amount": "0.00",
        "final_total": "17700.00",
        "coupon": null,
        "gift_card": null,
        "created_at": "2026-04-08T22:45:56.445Z"
    }
},
{
    "model": "shop.order",
    "pk": 14,
    "fields": {
        "customer_email": "user@gmail.com",
        "customer_username": "user",
        "status": "pending",
        "original_total": "9500.00",
        "discount_amount": "0.00",
        "gift_card_amount": "0.00",
        "final_total": "9500.00",
        "coupon": null,
        "gift_card": null,
        "created_at": "2026-04-08T22:46:18.456Z"
    }
},
{
    "model": "shop.order",
    "pk": 15,
    "fields": {
        "customer_email": "user@gmail.com",
        "customer_username": "user",
        "status": "delivered",
        "original_total": "10000.00",
        "discount_amount": "0.00",
        "gift_card_amount": "0.00",
        "final_total": "10000.00",
        "coupon": null,
        "gift_card": null,
        "created_at": "2026-04-08T22:46:34.065Z"
    }
},
{
    "model": "shop.orderitem",
    "pk": 22,
    "fields": {
        "order": 7,
        "product": 46,
        "quantity": 1,
        "price": "4500.00"
    }
},
{
    "model": "shop.orderitem",
    "pk": 23,
    "fields": {
        "order": 7,
        "product": 41,
        "quantity": 1,
        "price": "3500.00"
    }
},
{
    "model": "shop.orderitem",
    "pk": 24,
    "fields": {
        "order": 7,
        "product": 29,
        "quantity": 1,
        "price": "4000.00"
    }
},
{
    "model": "shop.orderitem",
    "pk": 25,
    "fields": {
        "order": 7,
        "product": 51,
        "quantity": 1,
        "price": "4500.00"
    }
},
{
    "model": "shop.orderitem",
    "pk": 26,
    "fields": {
        "order": 8,
        "product": 33,
        "quantity": 1,
        "price": "3800.00"
    }
},
{
    "model": "shop.orderitem",
    "pk": 27,
    "fields": {
        "order": 8,
        "product": 38,
        "quantity": 1,
        "price": "3200.00"
    }
},
{
    "model": "shop.orderitem",
    "pk": 28,
    "fields": {
        "order": 9,
        "product": 52,
        "quantity": 1,
        "price": "5000.00"
    }
},
{
    "model": "shop.orderitem",
    "pk": 29,
    "fields": {
        "order": 9,
        "product": 36,
        "quantity": 1,
        "price": "3900.00"
    }
},
{
    "model": "shop.orderitem",
    "pk": 30,
    "fields": {
        "order": 9,
        "product": 35,
        "quantity": 1,
        "price": "5500.00"
    }
},
{
    "model": "shop.orderitem",
    "pk": 31,
    "fields": {
        "order": 9,
        "product": 40,
        "quantity": 1,
        "price": "2000.00"
    }
},
{
    "model": "shop.orderitem",
    "pk": 32,
    "fields": {
        "order": 9,
        "product": 39,
        "quantity": 1,
        "price": "2800.00"
    }
},
{
    "model": "shop.orderitem",
    "pk": 33,
    "fields": {
        "order": 10,
        "product": 36,
        "quantity": 1,
        "price": "3900.00"
    }
},
{
    "model": "shop.orderitem",
    "pk": 34,
    "fields": {
        "order": 10,
        "product": 49,
        "quantity": 1,
        "price": "4000.00"
    }
},
{
    "model": "shop.orderitem",
    "pk": 35,
    "fields": {
        "order": 10,
        "product": 44,
        "quantity": 1,
        "price": "5000.00"
    }
},
{
    "model": "shop.orderitem",
    "pk": 36,
    "fields": {
        "order": 10,
        "product": 34,
        "quantity": 1,
        "price": "4200.00"
    }
},
{
    "model": "shop.orderitem",
    "pk": 37,
    "fields": {
        "order": 11,
        "product": 31,
        "quantity": 1,
        "price": "4800.00"
    }
},
{
    "model": "shop.orderitem",
    "pk": 38,
    "fields": {
        "order": 12,
        "product": 54,
        "quantity": 1,
        "price": "6000.00"
    }
},
{
    "model": "shop.orderitem",
    "pk": 39,
    "fields": {
        "order": 12,
        "product": 46,
        "quantity": 1,
        "price": "4500.00"
    }
},
{
    "model": "shop.orderitem",
    "pk": 40,
    "fields": {
        "order": 13,
        "product": 38,
        "quantity": 1,
        "price": "3200.00"
    }
},
{
    "model": "shop.orderitem",
    "pk": 41,
    "fields": {
        "order": 13,
        "product": 52,
        "quantity": 1,
        "price": "5000.00"
    }
},
{
    "model": "shop.orderitem",
    "pk": 42,
    "fields": {
        "order": 13,
        "product": 46,
        "quantity": 1,
        "price": "4500.00"
    }
},
{
    "model": "shop.orderitem",
    "pk": 43,
    "fields": {
        "order": 13,
        "product": 44,
        "quantity": 1,
        "price": "5000.00"
    }
},
{
    "model": "shop.orderitem",
    "pk": 44,
    "fields": {
        "order": 14,
        "product": 37,
        "quantity": 1,
        "price": "2500.00"
    }
},
{
    "model": "shop.orderitem",
    "pk": 45,
    "fields": {
        "order": 14,
        "product": 41,
        "quantity": 2,
        "price": "3500.00"
    }
},
{
    "model": "shop.orderitem",
    "pk": 46,
    "fields": {
        "order": 15,
        "product": 50,
        "quantity": 1,
        "price": "5500.00"
    }
},
{
    "model": "shop.orderitem",
    "pk": 47,
    "fields": {
        "order": 15,
        "product": 51,
        "quantity": 1,
        "price": "4500.00"
    }
},
{
    "model": "users.customuser",
    "pk": 1,
    "fields": {
        "password": "pbkdf2_sha256$1200000$0SpXSb9qc8g10mGkNnWyLY$wnEX835by+CPD/3PQrm01s3oU/BTnZPHs0wsLGJdn38=",
        "last_login": "2026-04-15T15:50:58Z",
        "is_superuser": true,
        "username": "elhocine",
        "first_name": "",
        "last_name": "",
        "email": "elhocine.baba.ahmed@gmail.com",
        "is_staff": true,
        "is_active": true,
        "date_joined": "2026-04-15T15:50:35Z",
        "role": "admin",
        "phone": "",
        "groups": [],
        "user_permissions": []
    }
},
{
    "model": "users.customuser",
    "pk": 2,
    "fields": {
        "password": "pbkdf2_sha256$1200000$wMBYoqSa0hnKJ3Kb0oeZ4Q$uwIo7Ci9vhNgzGQo55R7uvFYc4RQbRBeVeIxoWbIDFI=",
        "last_login": null,
        "is_superuser": false,
        "username": "user",
        "first_name": "",
        "last_name": "",
        "email": "hocinesino12@gmail.com",
        "is_staff": false,
        "is_active": true,
        "date_joined": "2026-04-15T15:53:02.592Z",
        "role": "customer",
        "phone": "",
        "groups": [],
        "user_permissions": []
    }
},
{
    "model": "users.customuser",
    "pk": 3,
    "fields": {
        "password": "pbkdf2_sha256$1200000$0SzEA2pEgVtDzLp6rh7lSE$XPHJG32SgPPT4YtovS3z5Oms3bptuNg+bQ4kkFgKYpM=",
        "last_login": null,
        "is_superuser": false,
        "username": "admin",
        "first_name": "",
        "last_name": "",
        "email": "fleurshop.support@gmail.com",
        "is_staff": false,
        "is_active": true,
        "date_joined": "2026-04-15T15:53:28Z",
        "role": "admin",
        "phone": "",
        "groups": [],
        "user_permissions": []
    }
},
{
    "model": "users.customuser",
    "pk": 4,
    "fields": {
        "password": "pbkdf2_sha256$1200000$mb24KUWS49coawPA6n4xre$p8B1Gtu61+GTO+PDpkixuVwsceoI01Uh0b4wa+KD81o=",
        "last_login": null,
        "is_superuser": false,
        "username": "aya",
        "first_name": "",
        "last_name": "",
        "email": "zohraayamerabti@gmail.com",
        "is_staff": false,
        "is_active": true,
        "date_joined": "2026-04-15T15:53:50.422Z",
        "role": "customer",
        "phone": "",
        "groups": [],
        "user_permissions": []
    }
},
{
    "model": "users.customuser",
    "pk": 5,
    "fields": {
        "password": "pbkdf2_sha256$1200000$kKwh4srKVmhyFETcilFJxz$+7tRwbcrG3IHy48pMqzUx5ubtQOq6qL9/hmV8Wka+C4=",
        "last_login": null,
        "is_superuser": false,
        "username": "maria",
        "first_name": "",
        "last_name": "",
        "email": "mariabendouhou12@gmail.com",
        "is_staff": false,
        "is_active": true,
        "date_joined": "2026-04-15T15:54:19.069Z",
        "role": "customer",
        "phone": "",
        "groups": [],
        "user_permissions": []
    }
},
{
    "model": "users.customuser",
    "pk": 7,
    "fields": {
        "password": "pbkdf2_sha256$1200000$jD4vxL4Bs2bayR5qj18No4$WI3oCG4FKIzfp3OYPVYcyRfqWoTd9FupF9a4fLSFr00=",
        "last_login": null,
        "is_superuser": false,
        "username": "zack",
        "first_name": "",
        "last_name": "",
        "email": "zack@gmail.com",
        "is_staff": false,
        "is_active": true,
        "date_joined": "2026-04-15T15:57:54.845Z",
        "role": "customer",
        "phone": "",
        "groups": [],
        "user_permissions": []
    }
}
]
